<?xml version="1.0" encoding="UTF-8"?>
<project-private xmlns="http://www.netbeans.org/ns/project-private/1">
    <editor-bookmarks xmlns="http://www.netbeans.org/ns/editor-bookmarks/2" lastBookmarkId="0"/>
    <open-files xmlns="http://www.netbeans.org/ns/projectui-open-files/2">
        <group>
            <file>file:/C:/Users/Xpc/Desktop/Diario%20Facil-BufferReader/DiarioFacil/src/DiarioFacil/ulatina/Proveedor.java</file>
            <file>file:/C:/Users/Xpc/Desktop/Diario%20Facil-BufferReader/DiarioFacil/src/DiarioFacil/ulatina/Orden.java</file>
            <file>file:/C:/Users/Xpc/Desktop/Diario%20Facil-BufferReader/DiarioFacil/src/DiarioFacil/ulatina/Combo.java</file>
            <file>file:/C:/Users/Xpc/Desktop/Diario%20Facil-BufferReader/DiarioFacil/src/DiarioFacil/ulatina/Cliente.java</file>
            <file>file:/C:/Users/Xpc/Desktop/Diario%20Facil-BufferReader/DiarioFacil/src/DiarioFacil/ulatina/Admin.java</file>
            <file>file:/C:/Users/Xpc/Desktop/Diario%20Facil-BufferReader/DiarioFacil/src/DiarioFacil/ulatina/Carrito.java</file>
            <file>file:/C:/Users/Xpc/Desktop/Diario%20Facil-BufferReader/DiarioFacil/src/DiarioFacil/ulatina/Promocion.java</file>
            <file>file:/C:/Users/Xpc/Desktop/Diario%20Facil-BufferReader/DiarioFacil/src/DiarioFacil/ulatina/Prueba.java</file>
        </group>
    </open-files>
</project-private>
